{"cameraMode":{"drawMode":0,"name":"Shaded","section":"Shading Mode"},"sceneLighting":true,"audioPlay":false,"sceneViewState":{"m_AlwaysRefresh":false,"showFog":true,"showSkybox":true,"showFlares":true,"showImageEffects":true,"showParticleSystems":true,"showVisualEffectGraphs":true,"m_FxEnabled":false},"in2DMode":false,"pivot":{"x":839.770751953125,"y":413.56549072265627,"z":-0.2951686382293701},"rotation":{"x":-0.010809005238115788,"y":-0.005402154289186001,"z":0.000058408906625118107,"w":-0.9999274015426636},"size":522.6022338867188,"orthographic":false}