{"cameraMode":{"drawMode":0,"name":"Shaded","section":"Shading Mode"},"sceneLighting":true,"audioPlay":false,"sceneViewState":{"m_AlwaysRefresh":false,"showFog":true,"showSkybox":true,"showFlares":true,"showImageEffects":true,"showParticleSystems":true,"showVisualEffectGraphs":true,"m_FxEnabled":false},"in2DMode":false,"pivot":{"x":1129.740234375,"y":557.8289184570313,"z":207.3135986328125},"rotation":{"x":-0.015308380126953125,"y":-0.009901545010507107,"z":0.00015139393508434296,"w":-0.9998348355293274},"size":633.8795166015625,"orthographic":false}