{"cameraMode":{"drawMode":0,"name":"Shaded","section":"Shading Mode"},"sceneLighting":true,"audioPlay":false,"sceneViewState":{"m_AlwaysRefresh":false,"showFog":true,"showSkybox":true,"showFlares":true,"showImageEffects":true,"showParticleSystems":true,"showVisualEffectGraphs":true,"m_FxEnabled":false},"in2DMode":false,"pivot":{"x":519.719482421875,"y":226.11769104003907,"z":-0.8809840679168701},"rotation":{"x":-0.010809005238115788,"y":-0.005402154289186001,"z":0.000058408906625118107,"w":-0.9999274015426636},"size":303.65948486328127,"orthographic":false}