{"cameraMode":{"drawMode":0,"name":"Shaded","section":"Shading Mode"},"sceneLighting":true,"audioPlay":false,"sceneViewState":{"m_AlwaysRefresh":false,"showFog":true,"showSkybox":true,"showFlares":true,"showImageEffects":true,"showParticleSystems":true,"showVisualEffectGraphs":true,"m_FxEnabled":false},"in2DMode":false,"pivot":{"x":538.5835571289063,"y":260.8585205078125,"z":-0.432281494140625},"rotation":{"x":-0.001809279783628881,"y":-0.009902318008244038,"z":0.000017929807654581964,"w":-0.9999496340751648},"size":237.9402618408203,"orthographic":false}