{"cameraMode":{"drawMode":0,"name":"Shaded","section":"Shading Mode"},"sceneLighting":true,"audioPlay":false,"sceneViewState":{"m_AlwaysRefresh":false,"showFog":true,"showSkybox":true,"showFlares":true,"showImageEffects":true,"showParticleSystems":true,"showVisualEffectGraphs":true,"m_FxEnabled":false},"in2DMode":false,"pivot":{"x":534.2340698242188,"y":252.1616668701172,"z":-0.4754512310028076},"rotation":{"x":-0.010809005238115788,"y":-0.005402154289186001,"z":0.000058408906625118107,"w":-0.9999274015426636},"size":217.88902282714845,"orthographic":false}