{"cameraMode":{"drawMode":0,"name":"Shaded","section":"Shading Mode"},"sceneLighting":true,"audioPlay":false,"sceneViewState":{"m_AlwaysRefresh":false,"showFog":true,"showSkybox":true,"showFlares":true,"showImageEffects":true,"showParticleSystems":true,"showVisualEffectGraphs":true,"m_FxEnabled":false},"in2DMode":false,"pivot":{"x":584.783447265625,"y":272.3041687011719,"z":52.3526611328125},"rotation":{"x":-0.0018093186663463712,"y":0.005097485613077879,"z":-0.000009257954843633343,"w":-0.9999871253967285},"size":281.0709228515625,"orthographic":false}